{
  "aggregate_score": 0.1434250921010971,
  "ptm": 0.3507823646068573,
  "iptm": 0.09158576279878616,
  "per_chain_ptm": [
    [
      0.04899737983942032,
      0.357168585062027
    ]
  ],
  "per_chain_pair_iptm": [
    [
      [
        0.04899737983942032,
        0.09158576279878616
      ],
      [
        0.0011401604861021042,
        0.357168585062027
      ]
    ]
  ],
  "has_inter_chain_clashes": false,
  "chain_intra_clashes": [
    [
      0,
      1
    ]
  ],
  "chain_chain_inter_clashes": [
    [
      [
        0,
        0
      ],
      [
        0,
        0
      ]
    ]
  ]
}