{
  "aggregate_score": 0.14469748735427856,
  "ptm": 0.35278889536857605,
  "iptm": 0.092674620449543,
  "per_chain_ptm": [
    [
      0.04951762780547142,
      0.35937467217445374
    ]
  ],
  "per_chain_pair_iptm": [
    [
      [
        0.04951762780547142,
        0.092674620449543
      ],
      [
        0.001056331442669034,
        0.35937467217445374
      ]
    ]
  ],
  "has_inter_chain_clashes": false,
  "chain_intra_clashes": [
    [
      0,
      11
    ]
  ],
  "chain_chain_inter_clashes": [
    [
      [
        0,
        0
      ],
      [
        0,
        0
      ]
    ]
  ]
}