{
  "aggregate_score": 0.1420324444770813,
  "ptm": 0.3499929904937744,
  "iptm": 0.09004231542348862,
  "per_chain_ptm": [
    [
      0.0490402989089489,
      0.3563289940357208
    ]
  ],
  "per_chain_pair_iptm": [
    [
      [
        0.0490402989089489,
        0.09004231542348862
      ],
      [
        0.0011109474580734968,
        0.3563289940357208
      ]
    ]
  ],
  "has_inter_chain_clashes": false,
  "chain_intra_clashes": [
    [
      0,
      1
    ]
  ],
  "chain_chain_inter_clashes": [
    [
      [
        0,
        0
      ],
      [
        0,
        0
      ]
    ]
  ]
}