{
  "aggregate_score": 0.1457975208759308,
  "ptm": 0.3513522148132324,
  "iptm": 0.09440885484218597,
  "per_chain_ptm": [
    [
      0.04944450780749321,
      0.3578204810619354
    ]
  ],
  "per_chain_pair_iptm": [
    [
      [
        0.04944450780749321,
        0.09440885484218597
      ],
      [
        0.0010989818256348372,
        0.3578204810619354
      ]
    ]
  ],
  "has_inter_chain_clashes": false,
  "chain_intra_clashes": [
    [
      0,
      0
    ]
  ],
  "chain_chain_inter_clashes": [
    [
      [
        0,
        0
      ],
      [
        0,
        0
      ]
    ]
  ]
}