{
  "aggregate_score": 0.1431322991847992,
  "ptm": 0.35309556126594543,
  "iptm": 0.09064147621393204,
  "per_chain_ptm": [
    [
      0.04946290701627731,
      0.35983559489250183
    ]
  ],
  "per_chain_pair_iptm": [
    [
      [
        0.04946290701627731,
        0.09064147621393204
      ],
      [
        0.0010445775697007775,
        0.35983559489250183
      ]
    ]
  ],
  "has_inter_chain_clashes": false,
  "chain_intra_clashes": [
    [
      0,
      0
    ]
  ],
  "chain_chain_inter_clashes": [
    [
      [
        0,
        1
      ],
      [
        1,
        0
      ]
    ]
  ]
}